{"cameraMode":{"drawMode":0,"name":"Shaded","section":"Shading Mode"},"sceneLighting":false,"audioPlay":false,"sceneViewState":{"showFog":true,"showMaterialUpdate":true,"showSkybox":false,"showFlares":true,"showImageEffects":true,"showParticleSystems":true},"in2DMode":false,"pivot":{"x":-2.309999942779541,"y":0.20999997854232789,"z":13.409587860107422},"rotation":{"x":-0.2071188986301422,"y":0.041072897613048556,"z":-0.008735385723412037,"w":-0.977449893951416},"size":0.8660253882408142,"orthographic":false}