{"cameraMode":{"drawMode":0,"name":"Shaded","section":"Shading Mode"},"sceneLighting":false,"audioPlay":false,"sceneViewState":{"showFog":true,"showMaterialUpdate":true,"showSkybox":false,"showFlares":true,"showImageEffects":true,"showParticleSystems":true},"in2DMode":false,"pivot":{"x":1.0376187562942505,"y":-0.4099999666213989,"z":6.483858108520508},"rotation":{"x":-0.3414252698421478,"y":0.4504092335700989,"z":-0.19169498980045319,"w":-0.802424430847168},"size":0.8660253882408142,"orthographic":false}