{"cameraMode":{"drawMode":0,"name":"Shaded","section":"Shading Mode"},"sceneLighting":false,"audioPlay":false,"sceneViewState":{"showFog":true,"showMaterialUpdate":true,"showSkybox":false,"showFlares":true,"showImageEffects":true,"showParticleSystems":true},"in2DMode":false,"pivot":{"x":-1.0278211832046509,"y":-0.5169182419776917,"z":0.9892610311508179},"rotation":{"x":-0.19903481006622315,"y":0.0939137190580368,"z":-0.019207606092095376,"w":-0.9753270149230957},"size":2.9660251140594484,"orthographic":false}