{"cameraMode":{"drawMode":0,"name":"Shaded","section":"Shading Mode"},"sceneLighting":true,"audioPlay":false,"sceneViewState":{"showFog":true,"showMaterialUpdate":true,"showSkybox":true,"showFlares":true,"showImageEffects":true,"showParticleSystems":true},"in2DMode":false,"pivot":{"x":0.18177206814289094,"y":0.12652456760406495,"z":12.452934265136719},"rotation":{"x":-0.18516986072063447,"y":-0.025942085310816766,"z":0.004889963194727898,"w":-0.9823586940765381},"size":2.0660269260406496,"orthographic":false}