{"cameraMode":{"drawMode":0,"name":"Shaded","section":"Shading Mode"},"sceneLighting":false,"audioPlay":false,"sceneViewState":{"showFog":true,"showMaterialUpdate":true,"showSkybox":false,"showFlares":true,"showImageEffects":true,"showParticleSystems":true},"in2DMode":false,"pivot":{"x":-20.219837188720704,"y":-2.281526565551758,"z":17.120662689208986},"rotation":{"x":-0.21764789521694184,"y":0.703457236289978,"z":-0.2423751950263977,"w":-0.6316917538642883},"size":20.486713409423829,"orthographic":false}