{"cameraMode":{"drawMode":0,"name":"Shaded","section":"Shading Mode"},"sceneLighting":false,"audioPlay":false,"sceneViewState":{"showFog":true,"showMaterialUpdate":true,"showSkybox":false,"showFlares":true,"showImageEffects":true,"showParticleSystems":true},"in2DMode":false,"pivot":{"x":-0.14637601375579835,"y":-2.1371560096740724,"z":-11.220000267028809},"rotation":{"x":-0.17047902941703797,"y":0.001476706936955452,"z":-0.00027564557967707515,"w":-0.9853957295417786},"size":2.598076105117798,"orthographic":false}