{"cameraMode":{"drawMode":0,"name":"Shaded","section":"Shading Mode"},"sceneLighting":false,"audioPlay":false,"sceneViewState":{"showFog":true,"showMaterialUpdate":true,"showSkybox":false,"showFlares":true,"showImageEffects":true,"showParticleSystems":true},"in2DMode":false,"pivot":{"x":-0.14637601375579835,"y":-2.1371560096740724,"z":-4.260000228881836},"rotation":{"x":-0.34407487511634829,"y":-0.01832084357738495,"z":0.006670669186860323,"w":-0.9387755990028381},"size":1.6980762481689454,"orthographic":false}