{"cameraMode":{"drawMode":0,"name":"Shaded","section":"Shading Mode"},"sceneLighting":false,"audioPlay":false,"sceneViewState":{"showFog":true,"showMaterialUpdate":true,"showSkybox":false,"showFlares":true,"showImageEffects":true,"showParticleSystems":true},"in2DMode":false,"pivot":{"x":0.03989458084106445,"y":0.24159806966781617,"z":-0.3576369285583496},"rotation":{"x":-0.21020348370075227,"y":-0.015546251088380814,"z":0.0033432464115321638,"w":-0.9775331616401672},"size":3.128807544708252,"orthographic":false}