{"cameraMode":{"drawMode":0,"name":"Shaded","section":"Shading Mode"},"sceneLighting":false,"audioPlay":false,"sceneViewState":{"showFog":true,"showMaterialUpdate":true,"showSkybox":false,"showFlares":true,"showImageEffects":true,"showParticleSystems":true},"in2DMode":false,"pivot":{"x":0.6653863191604614,"y":-0.14299660921096803,"z":0.1462392807006836},"rotation":{"x":-0.09164512902498245,"y":-0.02778126671910286,"z":0.002558063715696335,"w":-0.9954059720039368},"size":3.128807544708252,"orthographic":false}