{"cameraMode":{"drawMode":0,"name":"Shaded","section":"Shading Mode"},"sceneLighting":false,"audioPlay":false,"sceneViewState":{"showFog":true,"showMaterialUpdate":true,"showSkybox":false,"showFlares":true,"showImageEffects":true,"showParticleSystems":true},"in2DMode":false,"pivot":{"x":-12.784232139587403,"y":-2.8893630504608156,"z":3.996614694595337},"rotation":{"x":-0.09727580100297928,"y":0.650970995426178,"z":-0.08465100824832916,"w":-0.7480822801589966},"size":12.212607383728028,"orthographic":false}